{"cameraMode":{"drawMode":0,"name":"Shaded","section":"Shading Mode"},"sceneLighting":false,"audioPlay":false,"sceneViewState":{"m_AlwaysRefresh":false,"showFog":true,"showSkybox":false,"showFlares":true,"showImageEffects":true,"showParticleSystems":true,"showVisualEffectGraphs":true,"m_FxEnabled":true},"in2DMode":false,"pivot":{"x":-5.921000003814697,"y":0.5300000309944153,"z":-0.17000000178813935},"rotation":{"x":0.010358957573771477,"y":0.9896249175071716,"z":-0.09829439967870712,"w":0.10429417341947556},"size":2.36602520942688,"orthographic":false}