{"cameraMode":{"drawMode":0,"name":"Shaded","section":"Shading Mode"},"sceneLighting":false,"audioPlay":false,"sceneViewState":{"m_AlwaysRefresh":false,"showFog":true,"showSkybox":false,"showFlares":true,"showImageEffects":true,"showParticleSystems":true,"showVisualEffectGraphs":true,"m_FxEnabled":true},"in2DMode":false,"pivot":{"x":-6.553999900817871,"y":1.1470000743865967,"z":-0.453000009059906},"rotation":{"x":0.006480484269559383,"y":0.991897702217102,"z":-0.11356911808252335,"w":0.056599561125040057},"size":1.105804443359375,"orthographic":true}